category,slot,type,prime,vaulted,mr,name,source,link
Weapon,Primary,Rifle,FALSE,,8,Acceltra,Drop - Demolisher Infested,https://warframe.fandom.com/wiki/Acceltra
Weapon,Melee,Sword and Shield,FALSE,,3,Ack & Brunt,Clan - Chemical Lab,https://warframe.fandom.com/wiki/Ack_&_Brunt
Weapon,Secondary,Pistol,FALSE,,7,Acrid,Clan - Bio Lab,https://warframe.fandom.com/wiki/Acrid
Companion,Kavat,,FALSE,,0,Adarza,Kavat DNA Incubation,https://warframe.fandom.com/wiki/Kavat
Weapon,Secondary,Dual Pistols,FALSE,,4,Afuris,Market,https://warframe.fandom.com/wiki/Afuris
Vehicle,Arch-Melee,,FALSE,,3,Agkuza,Market,https://warframe.fandom.com/wiki/Agkuza
Weapon,Secondary,Dual Pistols,FALSE,,8,Akarius,Drop - Demolisher Infested,https://warframe.fandom.com/wiki/Akarius
Weapon,Secondary,Dual Pistols,FALSE,,9,Akbolto,Market,https://warframe.fandom.com/wiki/Akbolto
Weapon,Secondary,Dual Pistols,TRUE,TRUE,13,Akbolto Prime,Relics,https://warframe.fandom.com/wiki/Akbolto_Prime
Weapon,Secondary,Dual Shotguns,FALSE,,2,Akbronco,Market,https://warframe.fandom.com/wiki/Akbronco
Weapon,Secondary,Dual Shotguns,TRUE,FALSE,10,Akbronco Prime,Relics,https://warframe.fandom.com/wiki/Akbronco_Prime
Weapon,Secondary,Dual Pistols,FALSE,,8,Akjagara,Market,https://warframe.fandom.com/wiki/Akjagara
Weapon,Secondary,Dual Pistols,TRUE,FALSE,12,Akjagara Prime,Relics,https://warframe.fandom.com/wiki/Akjagara_Prime
Weapon,Secondary,Dual Pistols,FALSE,,3,Aklato,Market,https://warframe.fandom.com/wiki/Aklato
Weapon,Secondary,Dual Pistols,FALSE,,4,Aklex,Market,https://warframe.fandom.com/wiki/Aklex
Weapon,Secondary,Dual Pistols,TRUE,FALSE,15,Aklex Prime,Relics,https://warframe.fandom.com/wiki/Aklex_Prime
Weapon,Secondary,Dual Pistols,FALSE,,12,Akmagnus,Market,https://warframe.fandom.com/wiki/Akmagnus
Weapon,Secondary,Dual Pistols,FALSE,,9,Aksomati,Market,https://warframe.fandom.com/wiki/Aksomati
Weapon,Secondary,Dual Pistols,FALSE,,12,Aksomati Prime,Relics,https://warframe.fandom.com/wiki/Aksomati_Prime
Weapon,Secondary,Dual Pistols,FALSE,,8,Akstiletto,Clan - Tenno Lab,https://warframe.fandom.com/wiki/Akstiletto
Weapon,Secondary,Dual Pistols,TRUE,TRUE,10,Akstilletto Prime,Relics,https://warframe.fandom.com/wiki/Akstilletto_Prime
Weapon,Secondary,Dual Pistols,FALSE,,8,Akvasto,Market,https://warframe.fandom.com/wiki/Akvasto
Weapon,Secondary,Dual Pistols,TRUE,TRUE,12,Akvasto Prime,Relics,https://warframe.fandom.com/wiki/Akvasto_Prime
Weapon,Secondary,Dual Pistols,FALSE,,4,Akzani,Market,https://warframe.fandom.com/wiki/Akzani
Vehicle,Archwing,,FALSE,,0,Amesha,Clan - Tenno Lab,https://warframe.fandom.com/wiki/Amesha
Weapon,Melee,Staff,FALSE,,5,Amphis,Market,https://warframe.fandom.com/wiki/Amphis
Weapon,Primary,Rifle,FALSE,,10,Amprex,Clan - Energy Lab,https://warframe.fandom.com/wiki/Amprex
Weapon,Secondary,Pistol,FALSE,,4,Angstrum,Market,https://warframe.fandom.com/wiki/Angstrum
Weapon,Melee,Scythe,FALSE,,3,Anku,Clan - Tenno Lab,https://warframe.fandom.com/wiki/Anku
Weapon,Melee,Fist,FALSE,,2,Ankyros,Market,https://warframe.fandom.com/wiki/Ankyros
Weapon,Melee,Fist,TRUE,TRUE,8,Ankyros Prime,Relics,https://warframe.fandom.com/wiki/Ankyros_Prime
Weapon,Primary,Shotgun,FALSE,,10,Arca Plasmor,Clan - Energy Lab,https://warframe.fandom.com/wiki/Arca_Plasmor
Weapon,Secondary,Pistol,FALSE,,10,Arca Scisco,Clan - Energy Lab,https://warframe.fandom.com/wiki/Arca_Scisco
Weapon,Melee,Hammer,FALSE,,10,Arca Titron,Market,https://warframe.fandom.com/wiki/Arca_Titron
Weapon,Primary,Rifle,FALSE,,7,Argonak,Clan - Chemical Lab,https://warframe.fandom.com/wiki/Argonak
Companion,Robotic,Rifle,FALSE,,0,Artax,Comes w/ Taxon,https://warframe.fandom.com/wiki/Artax
Warframe,,,FALSE,,0,Ash,Drop - Grineer Manics,https://warframe.fandom.com/wiki/Ash
Warframe,,,TRUE,TRUE,0,Ash Prime,Relics,https://warframe.fandom.com/wiki/Ash_Prime
Weapon,Primary,Shotgun,FALSE,,10,Astilla,Market,https://warframe.fandom.com/wiki/Astilla
Warframe,,,FALSE,,0,Atlas,Quest - The Jordas Precept,https://warframe.fandom.com/wiki/Atlas
Warframe,,,TRUE,FALSE,0,Atlas Prime,Relics,https://warframe.fandom.com/wiki/Atlas_Prime
Weapon,Secondary,Pistol,FALSE,,5,Atomos,Market,https://warframe.fandom.com/wiki/Atomos
Weapon,Melee,Whip,FALSE,,5,Atterax,Market,https://warframe.fandom.com/wiki/Atterax
Weapon,Primary,Crossbow,FALSE,,7,Attica,Clan - Tenno Lab,https://warframe.fandom.com/wiki/Attica
Weapon,Secondary,Pistol,FALSE,,6,Azima,Login Reward - 100/300/500/700,https://warframe.fandom.com/wiki/Azima
Vehicle,K-Drive,,FALSE,,0,Bad Baby,Syndicate - Ventkids,https://warframe.fandom.com/wiki/Bad_Baby
Weapon,Melee,Zaw,FALSE,,0,Balla,Syndicate - Ostrons,https://warframe.fandom.com/wiki/Balla
Weapon,Secondary,Crossbow,FALSE,,2,Ballistica,Market,https://warframe.fandom.com/wiki/Ballistica
Weapon,Secondary,Crossbow,TRUE,TRUE,14,Ballistica Prime,Relics,https://warframe.fandom.com/wiki/Ballistica_Prime
Warframe,,,FALSE,,0,Banshee,Clan - Tenno Lab,https://warframe.fandom.com/wiki/Banshee
Warframe,,,TRUE,TRUE,8,Banshee Prime,Relics,https://warframe.fandom.com/wiki/Banshee_Prime
Warframe,,,FALSE,,0,Baruuk,Syndicate - Vox Solaris,https://warframe.fandom.com/wiki/Baruuk
Weapon,Primary,Rifle,FALSE,,11,Basmu,Mission - Scarlett Spear Event,https://warframe.fandom.com/wiki/Basmu
Weapon,Primary,Rifle,FALSE,,10,Battacor,Clan - Energy Lab,https://warframe.fandom.com/wiki/Battacor
Weapon,Primary,Rifle,FALSE,,7,Baza,Clan - Tenno Lab,https://warframe.fandom.com/wiki/Baza
Weapon,Primary,Rifle,FALSE,,10,Baza Prime,Relics,https://warframe.fandom.com/wiki/Baza_Prime
Weapon,Melee,Staff,FALSE,,4,Bo,Market,https://warframe.fandom.com/wiki/Bo
Weapon,Melee,Staff,TRUE,TRUE,10,Bo Prime,Relics,https://warframe.fandom.com/wiki/Bo_Prime
Weapon,Primary,Shotgun,FALSE,,2,Boar,Drop - Drekar Trooper,https://warframe.fandom.com/wiki/Boar
Weapon,Primary,Shotgun,TRUE,TRUE,11,Boar Prime,Relics,https://warframe.fandom.com/wiki/Boar_Prime
Weapon,Melee,Tonfa,FALSE,,4,Boltace,Market,https://warframe.fandom.com/wiki/Boltace
Weapon,Secondary,Pistol,FALSE,,7,Bolto,Market,https://warframe.fandom.com/wiki/Bolto
Weapon,Primary,Rifle,FALSE,,2,Boltor,Market,https://warframe.fandom.com/wiki/Boltor
Weapon,Primary,Rifle,TRUE,TRUE,13,Boltor Prime,Relics,https://warframe.fandom.com/wiki/Boltor_Prime
Weapon,Secondary,Shotgun Sidearm,FALSE,,6,Brakk,Drop - The Grustrag Three,https://warframe.fandom.com/wiki/Brakk
Weapon,Primary,Rifle,FALSE,,0,Braton,Market,https://warframe.fandom.com/wiki/Braton
Weapon,Primary,Rifle,TRUE,FALSE,8,Braton Prime,Relics,https://warframe.fandom.com/wiki/Braton_Prime
Weapon,Primary,Rifle,FALSE,,4,Braton Vandal,Mission - Elite Sanctuary Onslaught,https://warframe.fandom.com/wiki/Braton_Vandal
Weapon,Melee,Staff,FALSE,,7,Broken Scepter,Quest - The War Within,https://warframe.fandom.com/wiki/Broken_Scepter
Weapon,Melee,Sword,FALSE,,10,Broken War,Quest - The Second Dream,https://warframe.fandom.com/wiki/Broken_War
Weapon,Secondary,Shotgun Sidearm,FALSE,,0,Bronco,Market,https://warframe.fandom.com/wiki/Bronco
Weapon,Secondary,Shotgun Sidearm,TRUE,FALSE,4,Bronco Prime,Relics,https://warframe.fandom.com/wiki/Bronco_Prime
Companion,Robotic,Pistol,FALSE,,0,Burst Laser,Comes w/ Shade,https://warframe.fandom.com/wiki/Burst_Laser
Weapon,Primary,Rifle,FALSE,,0,Burston,Market,https://warframe.fandom.com/wiki/Burston
Weapon,Primary,Rifle,TRUE,FALSE,12,Burston Prime,Relics,https://warframe.fandom.com/wiki/Burston_Prime
Weapon,Primary,Rifle,FALSE,,11,Buzlok,Clan - Chemical Lab,https://warframe.fandom.com/wiki/Buzlok
Operator,Amp,,FALSE,,,Cantic Prism,Syndicate - Vox Solaris,https://warframe.fandom.com/wiki/Cantic_Prism
Companion,Sentinel,,FALSE,,0,Carrier,Market,https://warframe.fandom.com/wiki/Carrier
Companion,Sentinel,,TRUE,TRUE,0,Carrier Prime,Relics,https://warframe.fandom.com/wiki/Carrier_Prime
Weapon,Melee,Polearm,FALSE,,5,Cassowar,Clan - Tenno Lab,https://warframe.fandom.com/wiki/Cassowar
Weapon,Secondary,Thrown,FALSE,,3,Castanas,Clan - Tenno Lab,https://warframe.fandom.com/wiki/Castanas
Weapon,Secondary,Kitgun,FALSE,,0,Catchmoon,Syndicate - Solaris United,https://warframe.fandom.com/wiki/Catchmoon
Weapon,Melee,Scythe,FALSE,,7,Caustacyst,Clan - Bio Lab,https://warframe.fandom.com/wiki/Caustacyst
Vehicle,Arch-Melee,,FALSE,,8,Centaur,Market,https://warframe.fandom.com/wiki/Centaur
Weapon,Melee,Dagger,FALSE,,3,Ceramic Dagger,Mission - Alerts,https://warframe.fandom.com/wiki/Ceramic_Dagger
Weapon,Melee,Glaive,FALSE,,7,Cerata,Clan - Bio Lab,https://warframe.fandom.com/wiki/Cerata
Weapon,Primary,Bow,FALSE,,6,Cernos,Market,https://warframe.fandom.com/wiki/Cernos
Weapon,Primary,Bow,TRUE,TRUE,12,Cernos Prime,Relics,https://warframe.fandom.com/wiki/Cernos_Prime
Weapon,Secondary,Pistol,FALSE,,4,Cestra,Market,https://warframe.fandom.com/wiki/Cestra
Weapon,Melee,Blade and Whip,FALSE,,12,Ceti Lacera,Mission - Scarlett Spear Event,https://warframe.fandom.com/wiki/Ceti_Lacera
Companion,Kubrow,,FALSE,,0,Chesa,Egg Incubation,https://warframe.fandom.com/wiki/Kubrow
Warframe,,,FALSE,,0,Chroma,Quest - The New Strange,https://warframe.fandom.com/wiki/Chroma
Warframe,,,TRUE,FALSE,6,Chroma Prime,Relics,https://warframe.fandom.com/wiki/Chroma_Prime
Weapon,Melee,Sword and Shield,FALSE,,10,Cobra & Crane,Market,https://warframe.fandom.com/wiki/Cobra_&_Crane
Weapon,Primary,Shotgun,FALSE,,7,Convectrix,Clan - Energy Lab,https://warframe.fandom.com/wiki/Convectrix
Weapon,Primary,Shotgun,FALSE,,8,Corinth,Market,https://warframe.fandom.com/wiki/Corinth
Weapon,Primary,Shotgun,FALSE,,14,Corinth Prime,Relics,https://warframe.fandom.com/wiki/Corinth_Prime
Vehicle,Arch-Gun,,FALSE,,1,Corvas,Market,https://warframe.fandom.com/wiki/Corvas
Weapon,Melee,Sword,FALSE,,0,Cronus,"Drop - Captain Vor (Tolstoj, Mercury)",https://warframe.fandom.com/wiki/Cronus
Companion,Robotic,Rifle,FALSE,,0,Cryotra,Syndicate - Solaris United,https://warframe.fandom.com/wiki/Cryotra
Weapon,Secondary,Pistol,FALSE,,8,Cyanex,Clan - Energy Lab,https://warframe.fandom.com/wiki/Cyanex
Weapon,Melee,Zaw,FALSE,,0,Cyath,Syndicate - Ostrons,https://warframe.fandom.com/wiki/Cyath
Weapon,Secondary,Pistol,FALSE,,8,Cycron,Clan - Energy Lab,https://warframe.fandom.com/wiki/Cycron
Vehicle,Arch-Gun,,FALSE,,4,Cyngas,Market,https://warframe.fandom.com/wiki/Cyngas
Weapon,Primary,Bow,FALSE,,10,Daikyu,Clan - Tenno Lab,https://warframe.fandom.com/wiki/Daikyu
Weapon,Melee,Sword,TRUE,TRUE,10,Dakra Prime,Relics,https://warframe.fandom.com/wiki/Dakra_Prime
Weapon,Melee,Dagger,FALSE,,2,Dark Dagger,Mission - Alerts,https://warframe.fandom.com/wiki/Dark_Dagger
Weapon,Melee,Dual Swords,FALSE,,5,Dark Split-Sword,Clan - Tenno Lab,https://warframe.fandom.com/wiki/Dark_Split-Sword
Weapon,Melee,Sword,FALSE,,8,Dark Sword,Mission - Alerts,https://warframe.fandom.com/wiki/Dark_Sword
Companion,Robotic,Glaive,FALSE,,0,Deconstructor,Comes w/ Helios,https://warframe.fandom.com/wiki/Deconstructor
Companion,Robotic,Glaive,TRUE,FALSE,8,Deconstructor Prime,Comes w/ Helios Prime,https://warframe.fandom.com/wiki/Deconstructor_Prime
Weapon,Melee,Zaw,FALSE,,0,Dehtat,Syndicate - Ostrons,https://warframe.fandom.com/wiki/Dehtat
Weapon,Primary,Rifle,FALSE,,4,Dera,Clan - Energy Lab,https://warframe.fandom.com/wiki/Dera
Weapon,Primary,Rifle,FALSE,,7,Dera Vandal,Mission - Invasions,https://warframe.fandom.com/wiki/Dera_Vandal
Weapon,Secondary,Thrown,FALSE,,4,Despair,Drop - Stalker,https://warframe.fandom.com/wiki/Despair
Weapon,Melee,Rapier,FALSE,,7,Destreza,Market,https://warframe.fandom.com/wiki/Destreza
Weapon,Melee,Rapier,TRUE,TRUE,10,Destreza Prime,Relics,https://warframe.fandom.com/wiki/Destreza_Prime
Companion,Robotic,Rifle,FALSE,,0,Deth Machine Rifle,Comes w/ Dethcube,https://warframe.fandom.com/wiki/Deth_Machine_Rifle
Companion,Robotic,Rifle,TRUE,FALSE,0,Deth Machine Rifle Prime,Relics,https://warframe.fandom.com/wiki/Deth_Machine_Rifle_Prime
Companion,Sentinel,,FALSE,,0,Dethcube,Market,https://warframe.fandom.com/wiki/Dethcube
Companion,Sentinel,,TRUE,FALSE,0,Dethcube Prime,Relics,https://warframe.fandom.com/wiki/Dethcube_Prime
Weapon,Secondary,Shotgun Sidearm,FALSE,,6,Detron,Drop - Zanuka Hunter,https://warframe.fandom.com/wiki/Detron
Weapon,Melee,Dual Swords,FALSE,,6,Dex Dakra,Mission - Anniversary Alert,https://warframe.fandom.com/wiki/Dex_Dakra
Weapon,Secondary,Dual Pistols,FALSE,,10,Dex Furis,Mission - Anniversary Alert (Mar 25),https://warframe.fandom.com/wiki/Dex_Furis
Weapon,Primary,Rifle,FALSE,,7,Dex Sybaris,Mission - Anniversary Alert,https://warframe.fandom.com/wiki/Dex_Sybaris
Companion,Sentinel,,FALSE,,0,Diriga,Market,https://warframe.fandom.com/wiki/Diriga
Companion,Sentinel,,FALSE,,0,Djinn,Clan - Bio Lab,https://warframe.fandom.com/wiki/Djinn
Weapon,Melee,Zaw,FALSE,,0,Dokrahm,Syndicate - Ostrons,https://warframe.fandom.com/wiki/Dokrahm
Weapon,Melee,Nikana,FALSE,,8,Dragon Nikana,Market,https://warframe.fandom.com/wiki/Dragon_Nikana
Weapon,Primary,Shotgun,FALSE,,5,Drakgoon,Market,https://warframe.fandom.com/wiki/Drakgoon
Weapon,Primary,Bow,FALSE,,5,Dread,Drop - Stalker,https://warframe.fandom.com/wiki/Dread
Weapon,Secondary,Dual Pistols,FALSE,,7,Dual Cestra,Clan - Energy Lab,https://warframe.fandom.com/wiki/Dual_Cestra
Weapon,Melee,Dual Swords,FALSE,,5,Dual Cleavers,Market,https://warframe.fandom.com/wiki/Dual_Cleavers
Vehicle,Arch-Gun,,FALSE,,1,Dual Decurion,Market,https://warframe.fandom.com/wiki/Dual_Decurion
Weapon,Melee,Dual Swords,FALSE,,8,Dual Ether,Market,https://warframe.fandom.com/wiki/Dual_Ether
Weapon,Melee,Dual Swords,FALSE,,3,Dual Heat Swords,Market,https://warframe.fandom.com/wiki/Dual_Heat_Swords
Weapon,Melee,Dual Swords,FALSE,,6,Dual Ichor,Clan - Bio Lab,https://warframe.fandom.com/wiki/Dual_Ichor
Weapon,Melee,Dual Swords,FALSE,,1,Dual Kamas,Market,https://warframe.fandom.com/wiki/Dual_Kamas
Weapon,Melee,Glaive,TRUE,TRUE,8,Dual Kamas Prime,Relics,https://warframe.fandom.com/wiki/Dual_Kamas_Prime
Weapon,Melee,Dual Swords,FALSE,,7,Dual Keres,Market,https://warframe.fandom.com/wiki/Dual_Keres
Weapon,Melee,Dual Swords,FALSE,,6,Dual Raza,Clan - Tenno Lab,https://warframe.fandom.com/wiki/Dual_Raza
Weapon,Melee,Dual Swords,FALSE,,0,Dual Skana,Market,https://warframe.fandom.com/wiki/Dual_Skana
Weapon,Secondary,Dual Pistols,FALSE,,11,Dual Toxocyst,Clan - Bio Lab,https://warframe.fandom.com/wiki/Dual_Toxocyst
Weapon,Melee,Dual Swords,FALSE,,2,Dual Zoren,Market,https://warframe.fandom.com/wiki/Dual_Zoren
Vehicle,Archwing,,FALSE,,0,Elytron,Clan - Tenno Lab,https://warframe.fandom.com/wiki/Elytron
Warframe,,,FALSE,,0,Ember,"Boss - General Sargas Ruk (Tethys, Saturn)",https://warframe.fandom.com/wiki/Ember
Warframe,,,TRUE,TRUE,0,Ember Prime,Relics,https://warframe.fandom.com/wiki/Ember_Prime
Weapon,Secondary,Pistol,FALSE,,9,Embolist,Clan - Bio Lab,https://warframe.fandom.com/wiki/Embolist
Weapon,Melee,Rapier,FALSE,,7,Endura,Clan - Tenno Lab,https://warframe.fandom.com/wiki/Endura
Warframe,,,FALSE,,0,Equinox,"Boss - Tyl Regor (Titania, Uranus)",https://warframe.fandom.com/wiki/Equinox
Warframe,,,TRUE,FALSE,5,Equinox Prime,Relics,https://warframe.fandom.com/wiki/Equinox_Prime
Weapon,Melee,Dual Daggers,FALSE,,6,Ether Daggers,Quest - Stolen Dreams,https://warframe.fandom.com/wiki/Ether_Daggers
Weapon,Melee,Scythe,FALSE,,4,Ether Reaper,Market,https://warframe.fandom.com/wiki/Ether_Reaper
Weapon,Melee,Sword,FALSE,,7,Ether Sword,Market,https://warframe.fandom.com/wiki/Ether_Sword
Weapon,Secondary,Shotgun Sidearm,TRUE,TRUE,14,Euphona Prime,Relics,https://warframe.fandom.com/wiki/Euphona_Prime
Warframe,,,FALSE,,0,Excalibur,"Boss - Lieutenant Lech Kril (War, Mars)",https://warframe.fandom.com/wiki/Excalibur
Warframe,,,FALSE,,0,Excalibur Umbra,Quest - The Sacrifice,https://warframe.fandom.com/wiki/Excalibur_Umbra
Weapon,Primary,Shotgun,FALSE,,8,Exergis,Market,https://warframe.fandom.com/wiki/Exergis
Weapon,Melee,Glaive,FALSE,,8,Falcor,Clan - Energy Lab,https://warframe.fandom.com/wiki/Falcor
Weapon,Melee,Dual Daggers,FALSE,,0,Fang,Market,https://warframe.fandom.com/wiki/Fang
Weapon,Melee,Dual Daggers,TRUE,FALSE,10,Fang Prime,Relics,https://warframe.fandom.com/wiki/Fang_Prime
Weapon,Primary,Speargun,FALSE,,14,Ferrox,Clan - Energy Lab,https://warframe.fandom.com/wiki/Ferrox
Vehicle,K-Drive,,FALSE,,0,Flatbelly,Syndicate - Ventkids,https://warframe.fandom.com/wiki/Flatbelly
Vehicle,Arch-Gun,,FALSE,,2,Fluctus,Clan - Tenno Lab,https://warframe.fandom.com/wiki/Fluctus
Weapon,Primary,Rifle,FALSE,,6,Flux Rifle,Clan - Energy Lab,https://warframe.fandom.com/wiki/Flux_Rifle
Weapon,Melee,Hammer,FALSE,,2,Fragor,Market,https://warframe.fandom.com/wiki/Fragor
Weapon,Melee,Hammer,TRUE,TRUE,12,Fragor Prime,Relics,https://warframe.fandom.com/wiki/Fragor_Prime
Warframe,,,FALSE,,0,Frost,"Boss - Captain Vor & Lieutenant Lech Kril (Exta, Ceres)",https://warframe.fandom.com/wiki/Frost
Warframe,,,TRUE,TRUE,0,Frost Prime,Relics,https://warframe.fandom.com/wiki/Frost_Prime
Weapon,Primary,Rifle,FALSE,,8,Fulmin,Market,https://warframe.fandom.com/wiki/Fulmin
Weapon,Melee,Fist,FALSE,,5,Furax,Market,https://warframe.fandom.com/wiki/Furax
Weapon,Melee,Fist,FALSE,,9,Furax Wraith,Mission - Cetus Bounty,https://warframe.fandom.com/wiki/Furax_Wraith
Weapon,Secondary,Pistol,FALSE,,2,Furis,Market,https://warframe.fandom.com/wiki/Furis
Weapon,Secondary,Thrown,FALSE,,7,Fusilai,Market,https://warframe.fandom.com/wiki/Fusilai
Weapon,Melee,Heavy Blade,FALSE,,3,Galatine,Market,https://warframe.fandom.com/wiki/Galatine
Weapon,Melee,Heavy Blade,TRUE,TRUE,13,Galatine Prime,Relics,https://warframe.fandom.com/wiki/Galatine_Prime
Weapon,Melee,Whip,FALSE,,6,Galvacord,Market,https://warframe.fandom.com/wiki/Galvacord
Weapon,Secondary,Pistol,FALSE,,1,Gammacor,Market,https://warframe.fandom.com/wiki/Gammacor
Warframe,,,FALSE,,0,Gara,Quest - Saya's Vigil,https://warframe.fandom.com/wiki/Gara
Warframe,,,FALSE,,0,Garuda,Quest - Vox Solaris,https://warframe.fandom.com/wiki/Garuda
Warframe,,,FALSE,,0,Gauss,"Mission - Disruption (Kelpie, Senda)",https://warframe.fandom.com/wiki/Gauss
Weapon,Melee,Machete,FALSE,,5,Gazal Machete,Clan - Tenno Lab,https://warframe.fandom.com/wiki/Gazal_Machete
Weapon,Secondary,Kitgun,FALSE,,0,Gaze,Syndicate - Solaris United,https://warframe.fandom.com/wiki/Gaze
Weapon,Melee,Glaive,FALSE,,1,Glaive,Mission - Alerts,https://warframe.fandom.com/wiki/Glaive
Weapon,Melee,Glaive,TRUE,TRUE,10,Glaive Prime,Relics,https://warframe.fandom.com/wiki/Glaive_Prime
Weapon,Primary,Rifle,FALSE,,8,Glaxion,Clan - Energy Lab,https://warframe.fandom.com/wiki/Glaxion
Weapon,Primary,Rifle,FALSE,,12,Glaxion Vandal,Operation: Hostile Mergers,https://warframe.fandom.com/wiki/Glaxion_Vandal
Weapon,Primary,Rifle,FALSE,,3,Gorgon,Drop - Heavy Gunner / Grineer Warden,https://warframe.fandom.com/wiki/Gorgon
Weapon,Primary,Rifle,FALSE,,7,Gorgon Wraith,Mission - Razorback Invasion,https://warframe.fandom.com/wiki/Gorgon_Wraith
Weapon,Primary,Rifle,FALSE,,5,Grakata,Market,https://warframe.fandom.com/wiki/Grakata
Weapon,Melee,Heavy Blade,FALSE,,2,Gram,Market,https://warframe.fandom.com/wiki/Gram
Weapon,Melee,Heavy Blade,TRUE,FALSE,14,Gram Prime,Relics,https://warframe.fandom.com/wiki/Gram_Prime
Operator,Amp,,FALSE,,,Granmu Prism,Syndicate - The Quills,https://warframe.fandom.com/wiki/Granmu_Prism
Vehicle,Arch-Gun,,FALSE,,4,Grattler,Clan - Chemical Lab,https://warframe.fandom.com/wiki/Grattler
Warframe,,,FALSE,,0,Grendel,Mission - Europa,https://warframe.fandom.com/wiki/Grendel
Weapon,Primary,Rifle,FALSE,,7,Grinlok,Clan - Chemical Lab,https://warframe.fandom.com/wiki/Grinlok
Weapon,Melee,Polearm,FALSE,,4,Guandao,Clan - Tenno Lab,https://warframe.fandom.com/wiki/Guandao
Weapon,Melee,Warfan,FALSE,,8,Gunsen,Clan - Tenno Lab,https://warframe.fandom.com/wiki/Gunsen
Weapon,Melee,Glaive,FALSE,,7,Halikar,Market,https://warframe.fandom.com/wiki/Halikar
Weapon,Primary,Rifle,FALSE,,7,Harpak,Market,https://warframe.fandom.com/wiki/Harpak
Warframe,,,FALSE,,0,Harrow,Quest - Chains of Harrow,https://warframe.fandom.com/wiki/Harrow
Weapon,Melee,Scythe,FALSE,,8,Hate,Drop - Stalker,https://warframe.fandom.com/wiki/Hate
Weapon,Melee,Dagger,FALSE,,3,Heat Dagger,Mission - Alerts,https://warframe.fandom.com/wiki/Heat_Dagger
Weapon,Melee,Sword,FALSE,,3,Heat Sword,Mission - Alerts,https://warframe.fandom.com/wiki/Heat_Sword
Weapon,Primary,Shotgun,FALSE,,4,Hek,Market,https://warframe.fandom.com/wiki/Hek
Weapon,Melee,Hammer,FALSE,,9,Heliocor,Syndicate - Cephalon Simaris,https://warframe.fandom.com/wiki/Heliocor
Companion,Sentinel,,FALSE,,0,Helios,Clan - Energy Lab,https://warframe.fandom.com/wiki/Helios
Companion,Sentinel,,TRUE,TRUE,0,Helios Prime,Relics,https://warframe.fandom.com/wiki/Helios_Prime
Companion,Kubrow,,FALSE,,0,Helminth,Nidus' Cyst Incubation,https://warframe.fandom.com/wiki/Kubrow
Weapon,Primary,Rifle,FALSE,,7,Hema,Clan - Bio Lab,https://warframe.fandom.com/wiki/Hema
Weapon,Secondary,Thrown,FALSE,,2,Hikou,Market,https://warframe.fandom.com/wiki/Hikou
Weapon,Secondary,Thrown,TRUE,TRUE,4,Hikou Prime,Relics,https://warframe.fandom.com/wiki/Hikou_Prime
Warframe,,,FALSE,,0,Hildryn,Syndicate - Vox Solaris,https://warframe.fandom.com/wiki/Hildryn
Weapon,Primary,Rifle,FALSE,,0,Hind,Market,https://warframe.fandom.com/wiki/Hind
Weapon,Melee,Sparring,FALSE,,7,Hirudo,Market,https://warframe.fandom.com/wiki/Hirudo
Companion,Kubrow,,FALSE,,0,Huras,Egg Incubation,https://warframe.fandom.com/wiki/Kubrow
Warframe,,,FALSE,,0,Hydroid,"Boss - Councilor Vay Hek (Oro, Earth)",https://warframe.fandom.com/wiki/Hydroid
Warframe,,,TRUE,FALSE,5,Hydroid Prime,Relics,https://warframe.fandom.com/wiki/Hydroid_Prime
Weapon,Secondary,Pistol,FALSE,,7,Hystrix,Market,https://warframe.fandom.com/wiki/Hystrix
Weapon,Primary,Rifle,FALSE,,5,Ignis,Clan - Chemical Lab,https://warframe.fandom.com/wiki/Ignis
Weapon,Primary,Rifle,FALSE,,9,Ignis Wraith,Available via trading,https://warframe.fandom.com/wiki/Ignis_Wraith
Vehicle,Arch-Gun,,FALSE,,0,Imperator,Comes w/ Odonata,https://warframe.fandom.com/wiki/Imperator
Vehicle,Arch-Gun,,FALSE,,5,Imperator Vandal,Mission - Balor Fomorian Invasion,https://warframe.fandom.com/wiki/Imperator_Vandal
Warframe,,,FALSE,,0,Inaros,Quest - Sands of Inaros,https://warframe.fandom.com/wiki/Inaros
Vehicle,Archwing,,FALSE,,0,Itzal,Clan - Tenno Lab,https://warframe.fandom.com/wiki/Itzal
Warframe,,,FALSE,,0,Ivara,Mission - Spy,https://warframe.fandom.com/wiki/Ivara
Warframe,,,TRUE,FALSE,0,Ivara Prime,Relics,https://warframe.fandom.com/wiki/Ivara_Prime
Weapon,Melee,Hammer,FALSE,,5,Jat Kittag,Clan - Chemical Lab,https://warframe.fandom.com/wiki/Jat_Kittag
Weapon,Melee,Blade and Whip,FALSE,,11,Jat Kusar,Clan - Chemical Lab,https://warframe.fandom.com/wiki/Jat_Kusar
Weapon,Primary,Speargun,FALSE,,7,Javlok,Clan - Chemical Lab,https://warframe.fandom.com/wiki/Javlok
Weapon,Melee,Sword,FALSE,,0,Jaw Sword,Mission - Alerts,https://warframe.fandom.com/wiki/Jaw_Sword
Weapon,Melee,Machete,FALSE,,1,Kama,Market,https://warframe.fandom.com/wiki/Kama
Weapon,Primary,Rifle,FALSE,,1,Karak,Market,https://warframe.fandom.com/wiki/Karak
Weapon,Primary,Rifle,FALSE,,7,Karak Wraith,Mission - Invasions,https://warframe.fandom.com/wiki/Karak_Wraith
Weapon,Melee,Dagger,FALSE,,6,Karyst,Market,https://warframe.fandom.com/wiki/Karyst
Vehicle,Arch-Melee,,FALSE,,4,Kaszas,Market,https://warframe.fandom.com/wiki/Kaszas
Weapon,Melee,Polearm,FALSE,,7,Kesheg,Clan - Chemical Lab,https://warframe.fandom.com/wiki/Kesheg
Weapon,Melee,Glaive,FALSE,,0,Kestrel,Market,https://warframe.fandom.com/wiki/Kestrel
Warframe,,,FALSE,,0,Khora,Mission - Sanctuary Onslaught,https://warframe.fandom.com/wiki/Khora
Operator,Amp,,FALSE,,,Klamora Prism,Syndicate - Vox Solaris,https://warframe.fandom.com/wiki/Klamora_Prism
Weapon,Secondary,Pistol,FALSE,,10,Knell,Market,https://warframe.fandom.com/wiki/Knell
Vehicle,Arch-Melee,,FALSE,,7,Knux,Clan - Chemical Lab,https://warframe.fandom.com/wiki/Knux
Weapon,Melee,Sparring,FALSE,,2,Kogake,Market,https://warframe.fandom.com/wiki/Kogake
Weapon,Melee,Sparring,TRUE,TRUE,10,Kogake Prime,Relics,https://warframe.fandom.com/wiki/Kogake_Prime
Weapon,Primary,Shotgun,FALSE,,5,Kohm,Market,https://warframe.fandom.com/wiki/Kohm
Weapon,Secondary,Shotgun Sidearm,FALSE,,5,Kohmak,Clan - Chemical Lab,https://warframe.fandom.com/wiki/Kohmak
Weapon,Primary,Sniper Rifle,FALSE,,8,Komorex,Clan - Energy Lab,https://warframe.fandom.com/wiki/Komorex
Weapon,Melee,Sparring,FALSE,,9,Korrudo,Drop - Tusk Thumpers,https://warframe.fandom.com/wiki/Korrudo
Weapon,Secondary,Pistol,FALSE,,0,Kraken,Market,https://warframe.fandom.com/wiki/Kraken
Weapon,Melee,Machete,FALSE,,6,Kreska,Clan - Energy Lab,https://warframe.fandom.com/wiki/Kreska
Weapon,Melee,Sword,FALSE,,9,Krohkur,Market,https://warframe.fandom.com/wiki/Krohkur
Weapon,Melee,Tonfa,FALSE,,3,Kronen,Market,https://warframe.fandom.com/wiki/Kronen
Weapon,Melee,Tonfa,TRUE,TRUE,13,Kronen Prime,Relics,https://warframe.fandom.com/wiki/Kronen_Prime
Weapon,Melee,Zaw,FALSE,,0,Kronsh,Syndicate - Ostrons,https://warframe.fandom.com/wiki/Kronsh
Weapon,Secondary,Pistol,FALSE,,5,Kulstar,Market,https://warframe.fandom.com/wiki/Kulstar
Weapon,Secondary,Thrown,FALSE,,2,Kunai,Market,https://warframe.fandom.com/wiki/Kunai
Vehicle,Arch-Gun,,FALSE,,13,Kuva Ayanga,Kuva Lich,https://warframe.fandom.com/wiki/Kuva_Ayanga
Weapon,Secondary,Shotgun Sidearm,FALSE,,13,Kuva Brakk,Kuva Lich,https://warframe.fandom.com/wiki/Kuva_Brakk
Weapon,Primary,Bow,FALSE,,15,Kuva Bramma,Kuva Lich,https://warframe.fandom.com/wiki/Kuva_Bramma
Weapon,Primary,Rifle,FALSE,,15,Kuva Chakkhurr,Kuva Lich,https://warframe.fandom.com/wiki/Kuva_Chakkhurr
Weapon,Primary,Shotgun,FALSE,,13,Kuva Drakgoon,Kuva Lich,https://warframe.fandom.com/wiki/Kuva_Drakgoon
Weapon,Primary,Rifle,FALSE,,15,Kuva Hind,Kuva Lich,https://warframe.fandom.com/wiki/Kuva_Hind
Weapon,Primary,Rifle,FALSE,,13,Kuva Karak,Kuva Lich,https://warframe.fandom.com/wiki/Kuva_Karak
Weapon,Primary,Shotgun,FALSE,,13,Kuva Kohm,Kuva Lich,https://warframe.fandom.com/wiki/Kuva_Kohm
Weapon,Secondary,Pistol,FALSE,,15,Kuva Kraken,Kuva Lich,https://warframe.fandom.com/wiki/Kuva_Kraken
Weapon,Secondary,Pistol,FALSE,,13,Kuva Nukor,Kuva Lich,https://warframe.fandom.com/wiki/Kuva_Nukor
Weapon,Primary,Launcher,FALSE,,15,Kuva Ogris,Kuva Lich,https://warframe.fandom.com/wiki/Kuva_Ogris
Weapon,Primary,Rifle,FALSE,,13,Kuva Quartakk,Kuva Lich,https://warframe.fandom.com/wiki/Kuva_Quartakk
Weapon,Secondary,Pistol,FALSE,,15,Kuva Seer,Kuva Lich,https://warframe.fandom.com/wiki/Kuva_Seer
Weapon,Melee,Hammer,FALSE,,13,Kuva Shildeg,Kuva Lich,https://warframe.fandom.com/wiki/Kuva_Shildeg
Weapon,Primary,Launcher,FALSE,,13,Kuva Tonkor,Kuva Lich,https://warframe.fandom.com/wiki/Kuva_Tonkor
Weapon,Secondary,Dual Pistols,FALSE,,13,Kuva Twin Stubbas,Kuva Lich,https://warframe.fandom.com/wiki/Kuva_Twin_Stubbas
Weapon,Melee,Blade and Whip,FALSE,,7,Lacera,Clan - Tenno Lab,https://warframe.fandom.com/wiki/Lacera
Companion,Moa,,FALSE,,0,Lambeo,Syndicate - Solaris United,https://warframe.fandom.com/wiki/MOA_(Companion)
Weapon,Primary,Sniper Rifle,FALSE,,10,Lanka,Clan - Energy Lab,https://warframe.fandom.com/wiki/Lanka
Vehicle,Arch-Gun,,FALSE,,8,Larkspur,Clan - Tenno Lab,https://warframe.fandom.com/wiki/Larkspur
Companion,Robotic,Rifle,FALSE,,0,Laser Rifle,Comes w/ Wyrm,https://warframe.fandom.com/wiki/Laser_Rifle
Weapon,Secondary,Pistol,FALSE,,0,Lato,Market,https://warframe.fandom.com/wiki/Lato
Weapon,Secondary,Pistol,TRUE,TRUE,14,Lato Prime,Founders Exclusive,https://warframe.fandom.com/wiki/Lato_Prime
Weapon,Secondary,Pistol,FALSE,,7,Lato Vandal,Mission - Elite Sanctuary Onslaught,https://warframe.fandom.com/wiki/Lato_Vandal
Weapon,Primary,Rifle,FALSE,,0,Latron,Market,https://warframe.fandom.com/wiki/Latron
Weapon,Primary,Rifle,TRUE,TRUE,10,Latron Prime,Relics,https://warframe.fandom.com/wiki/Latron_Prime
Weapon,Primary,Rifle,FALSE,,7,Latron Wraith,Mission - Invasions,https://warframe.fandom.com/wiki/Latron_Wraith
Weapon,Melee,Whip,FALSE,,0,Lecta,Market,https://warframe.fandom.com/wiki/Lecta
Operator,Amp,,FALSE,,,Lega Prism,Syndicate - Vox Solaris,https://warframe.fandom.com/wiki/Lega_Prism
Weapon,Primary,Bow,FALSE,,8,Lenz,Clan - Energy Lab,https://warframe.fandom.com/wiki/Lenz
Weapon,Melee,Polearm,FALSE,,9,Lesion,Market,https://warframe.fandom.com/wiki/Lesion
Weapon,Secondary,Pistol,FALSE,,3,Lex,Market,https://warframe.fandom.com/wiki/Lex
Weapon,Secondary,Pistol,TRUE,FALSE,8,Lex Prime,Relics,https://warframe.fandom.com/wiki/Lex_Prime
Warframe,,,FALSE,,0,Limbo,Quest - The Limbo Theorem,https://warframe.fandom.com/wiki/Limbo
Warframe,,,TRUE,TRUE,4,Limbo Prime,Relics,https://warframe.fandom.com/wiki/Limbo_Prime
Warframe,,,FALSE,,0,Loki,"Boss - Hyena Pack (Psamathe, Neptune)",https://warframe.fandom.com/wiki/Loki
Warframe,,,TRUE,TRUE,0,Loki Prime,Relics,https://warframe.fandom.com/wiki/Loki_Prime
Weapon,Melee,Machete,FALSE,,1,Machete,Login Reward (Random),https://warframe.fandom.com/wiki/Machete
Weapon,Melee,Machete,FALSE,,11,Machete Wraith,Baro Ki'Teer,https://warframe.fandom.com/wiki/Machete_Wraith
Warframe,,,FALSE,,0,Mag,"Boss - The Sergeant (Iliad, Phobos)",https://warframe.fandom.com/wiki/Mag
Warframe,,,TRUE,TRUE,0,Mag Prime,Relics,https://warframe.fandom.com/wiki/Mag_Prime
Weapon,Melee,Hammer,FALSE,,1,Magistar,Market,https://warframe.fandom.com/wiki/Magistar
Weapon,Secondary,Pistol,FALSE,,10,Magnus,Market,https://warframe.fandom.com/wiki/Magnus
Weapon,Secondary,Shotgun Sidearm,FALSE,,9,Mara Detron,Baro Ki'Teer,https://warframe.fandom.com/wiki/Mara_Detron
Weapon,Secondary,Pistol,FALSE,,7,Marelok,Clan - Chemical Lab,https://warframe.fandom.com/wiki/Marelok
Weapon,Melee,Heavy Blade,FALSE,,8,Masseter,Clan - Tenno Lab,https://warframe.fandom.com/wiki/Masseter
Warframe,,,FALSE,,0,Mesa,Quest - Patient Zero,https://warframe.fandom.com/wiki/Mesa
Warframe,,,TRUE,FALSE,2,Mesa Prime,Relics,https://warframe.fandom.com/wiki/Mesa_Prime
Weapon,Melee,Zaw,FALSE,,0,Mewan,Syndicate - Ostrons,https://warframe.fandom.com/wiki/Mewan
Weapon,Melee,Blade and Whip,FALSE,,8,Mios,Clan - Bio Lab,https://warframe.fandom.com/wiki/Mios
Warframe,,,FALSE,,0,Mirage,Quest - Hidden Messages,https://warframe.fandom.com/wiki/Mirage
Warframe,,,TRUE,TRUE,8,Mirage Prime,Relics,https://warframe.fandom.com/wiki/Mirage_Prime
Weapon,Melee,Sword,FALSE,,5,Mire,Market,https://warframe.fandom.com/wiki/Mire
Weapon,Primary,Rifle,FALSE,,6,Miter,Drop - Lech Kril & Captain Vor (Ceres),https://warframe.fandom.com/wiki/Miter
Weapon,Melee,Staff,FALSE,,0,MK1-Bo,Market,https://warframe.fandom.com/wiki/MK1-Bo
Weapon,Primary,Rifle,FALSE,,0,MK1-Braton,Market,https://warframe.fandom.com/wiki/MK1-Braton
Weapon,Melee,Fist,FALSE,,0,MK1-Furax,Market,https://warframe.fandom.com/wiki/MK1-Furax
Weapon,Secondary,Pistol,FALSE,,0,MK1-Furis,Market,https://warframe.fandom.com/wiki/MK1-Furis
Weapon,Secondary,Thrown,FALSE,,0,MK1-Kunai,Market,https://warframe.fandom.com/wiki/MK1-Kunai
Weapon,Primary,Bow,FALSE,,0,MK1-Paris,Market,https://warframe.fandom.com/wiki/MK1-Paris
Weapon,Primary,Shotgun,FALSE,,0,MK1-Strun,Market,https://warframe.fandom.com/wiki/MK1-Strun
Operator,Amp,,FALSE,,,Mote Prism,Quest - Saya's Vigil,https://warframe.fandom.com/wiki/Mote_Prism
Companion,Robotic,Rifle,FALSE,,3,Multron,Comes w/ Oxylus,https://warframe.fandom.com/wiki/Multron
Weapon,Primary,Bow,FALSE,,7,Mutalist Cernos,Market,https://warframe.fandom.com/wiki/Mutalist_Cernos
Weapon,Primary,Rifle,FALSE,,2,Mutalist Quanta,Clan - Bio Lab,https://warframe.fandom.com/wiki/Mutalist_Quanta
Weapon,Primary,Crossbow,FALSE,,9,Nagantaka,Market,https://warframe.fandom.com/wiki/Nagantaka
Weapon,Melee,Dual Swords,FALSE,,2,Nami Skyla,Clan - Tenno Lab,https://warframe.fandom.com/wiki/Nami_Skyla
Weapon,Melee,Dual Swords,TRUE,TRUE,11,Nami Skyla Prime,Relics,https://warframe.fandom.com/wiki/Nami_Skyla_Prime
Weapon,Melee,Machete,FALSE,,6,Nami Solo,Market,https://warframe.fandom.com/wiki/Nami_Solo
Vehicle,K-Drive,,FALSE,,0,Needlenose,Syndicate - Ventkids,https://warframe.fandom.com/wiki/Needlenose
Warframe,,,FALSE,,0,Nekros,Boss - Lephantis (Derelict Assassination),https://warframe.fandom.com/wiki/Nekros
Warframe,,,TRUE,TRUE,0,Nekros Prime,Relics,https://warframe.fandom.com/wiki/Nekros_Prime
Warframe,,,FALSE,,0,Nezha,Clan - Tenno Lab,https://warframe.fandom.com/wiki/Nezha
Warframe,,,FALSE,,0,Nidus,Quest - The Glast Gambit,https://warframe.fandom.com/wiki/Nidus
Weapon,Melee,Nikana,FALSE,,4,Nikana,Clan - Tenno Lab,https://warframe.fandom.com/wiki/Nikana
Weapon,Melee,Nikana,TRUE,TRUE,12,Nikana Prime,Relics,https://warframe.fandom.com/wiki/Nikana_Prime
Weapon,Melee,Nunchaku,FALSE,,8,Ninkondi,Market,https://warframe.fandom.com/wiki/Ninkondi
Weapon,Melee,Nunchaku,TRUE,FALSE,14,Ninkondi Prime,Relics,https://warframe.fandom.com/wiki/Ninkondi_Prime
Warframe,,,FALSE,,0,Nova,"Boss - Raptors (Naamah, Europa)",https://warframe.fandom.com/wiki/Nova
Warframe,,,TRUE,TRUE,0,Nova Prime,Relics,https://warframe.fandom.com/wiki/Nova_Prime
Weapon,Secondary,Pistol,FALSE,,4,Nukor,Clan - Chemical Lab,https://warframe.fandom.com/wiki/Nukor
Warframe,,,FALSE,,0,Nyx,Boss - Phorid (Invasions),https://warframe.fandom.com/wiki/Nyx
Warframe,,,TRUE,TRUE,0,Nyx Prime,Relics,https://warframe.fandom.com/wiki/Nyx_Prime
Warframe,,,FALSE,,0,Oberon,Drop - Eximus Units,https://warframe.fandom.com/wiki/Oberon
Warframe,,,TRUE,TRUE,8,Oberon Prime,Relics,https://warframe.fandom.com/wiki/Oberon_Prime
Weapon,Melee,Sparring,FALSE,,4,Obex,Market,https://warframe.fandom.com/wiki/Obex
Warframe,,,FALSE,,0,Octavia,Quest - Octavia's Anthem,https://warframe.fandom.com/wiki/Octavia
Weapon,Secondary,Pistol,FALSE,,8,Ocucor,Clan - Energy Lab,https://warframe.fandom.com/wiki/Ocucor
Vehicle,Archwing,,FALSE,,0,Odonata,Quest - The Archwing,https://warframe.fandom.com/wiki/Odonata
Vehicle,Archwing,,TRUE,FALSE,0,Odonata Prime,Relics,https://warframe.fandom.com/wiki/Odonata_Prime
Weapon,Primary,Launcher,FALSE,,9,Ogris,Clan - Chemical Lab,https://warframe.fandom.com/wiki/Ogris
Weapon,Melee,Tonfa,FALSE,,8,Ohma,Market,https://warframe.fandom.com/wiki/Ohma
Weapon,Melee,Dual Daggers,FALSE,,5,Okina,Clan - Tenno Lab,https://warframe.fandom.com/wiki/Okina
Companion,Moa,,FALSE,,0,Oloro,Syndicate - Solaris United,https://warframe.fandom.com/wiki/MOA_(Companion)
Vehicle,Arch-Melee,,FALSE,,1,Onorix,Market,https://warframe.fandom.com/wiki/Onorix
Weapon,Melee,Zaw,FALSE,,0,Ooltha,Syndicate - Ostrons,https://warframe.fandom.com/wiki/Ooltha
Weapon,Primary,Rifle,FALSE,,14,Opticor,Clan - Energy Lab,https://warframe.fandom.com/wiki/Opticor
Weapon,Primary,Rifle,FALSE,,14,Opticor Vandal,Operation: Buried Debts,https://warframe.fandom.com/wiki/Opticor_Vandal
Weapon,Melee,Polearm,FALSE,,2,Orthos,Market,https://warframe.fandom.com/wiki/Orthos
Weapon,Melee,Polearm,TRUE,FALSE,12,Orthos Prime,Relics,https://warframe.fandom.com/wiki/Orthos_Prime
Weapon,Melee,Glaive,FALSE,,5,Orvius,Quest - The War Within,https://warframe.fandom.com/wiki/Orvius
Companion,Sentinel,,FALSE,,0,Oxylus,Syndicate - Solaris United,https://warframe.fandom.com/wiki/Oxylus
Weapon,Secondary,Pistol,FALSE,,8,Pandero,Market,https://warframe.fandom.com/wiki/Pandero
Weapon,Melee,Sword,FALSE,,14,Pangolin Prime,Relics,https://warframe.fandom.com/wiki/Pangolin_Prime
Weapon,Melee,Sword,FALSE,,3,Pangolin Sword,Mission - Alerts,https://warframe.fandom.com/wiki/Pangolin_Sword
Weapon,Primary,Rifle,FALSE,,7,Panthera,Market,https://warframe.fandom.com/wiki/Panthera
Companion,Moa,,FALSE,,0,Para,Syndicate - Solaris United,https://warframe.fandom.com/wiki/MOA_(Companion)
Weapon,Melee,Heavy Blade,FALSE,,10,Paracesis,Quest - Chimera Prologue,https://warframe.fandom.com/wiki/Paracesis
Weapon,Primary,Rifle,FALSE,,7,Paracyst,Clan - Bio Lab,https://warframe.fandom.com/wiki/Paracyst
Weapon,Primary,Bow,FALSE,,3,Paris,Market,https://warframe.fandom.com/wiki/Paris
Weapon,Primary,Bow,TRUE,FALSE,8,Paris Prime,Relics,https://warframe.fandom.com/wiki/Paris_Prime
Weapon,Melee,Glaive,FALSE,,9,Pathocyst,Mission - Emissary Derelict Assassination,https://warframe.fandom.com/wiki/Pathocyst
Weapon,Melee,Two-Handed Nikana,FALSE,,7,Pennant,Drop - Empyrean,https://warframe.fandom.com/wiki/Pennant
Weapon,Primary,Launcher,FALSE,,6,Penta,Market,https://warframe.fandom.com/wiki/Penta
Vehicle,Arch-Gun,,FALSE,,3,Phaedra,Market,https://warframe.fandom.com/wiki/Phaedra
Weapon,Primary,Shotgun,FALSE,,11,Phage,Clan - Bio Lab,https://warframe.fandom.com/wiki/Phage
Weapon,Primary,Shotgun,FALSE,,9,Phantasma,Market,https://warframe.fandom.com/wiki/Phantasma
Weapon,Melee,Zaw,FALSE,,0,Plague Keewar,Operation: Plague Star,https://warframe.fandom.com/wiki/Plague_Keewar
Weapon,Melee,Zaw,FALSE,,0,Plague Kripath,Operation: Plague Star,https://warframe.fandom.com/wiki/Plague_Kripath
Weapon,Melee,Sword,FALSE,,4,Plasma Sword,Mission - Alerts,https://warframe.fandom.com/wiki/Plasma_Sword
Weapon,Secondary,Pistol,FALSE,,6,Plinx,Market,https://warframe.fandom.com/wiki/Plinx
Weapon,Secondary,Thrown,FALSE,,9,Pox,Clan - Bio Lab,https://warframe.fandom.com/wiki/Pox
Companion,Robotic,Rifle,TRUE,FALSE,0,Prime Laser Rifle,Comes w/ Wyrm Prime,https://warframe.fandom.com/wiki/Prime_Laser_Rifle
Weapon,Secondary,Pistol,FALSE,,8,Prisma Angstrum,Baro Ki'Teer,https://warframe.fandom.com/wiki/Prisma_Angstrum
Companion,Robotic,Pistol,FALSE,,0,Prisma Burst Laser,Comes w/ Prisma Shade,https://warframe.fandom.com/wiki/Prisma_Burst_Laser
Weapon,Melee,Dual Swords,FALSE,,9,Prisma Dual Cleaver,Baro Ki'Teer,https://warframe.fandom.com/wiki/Prisma_Dual_Cleaver
Weapon,Primary,Rifle,FALSE,,11,Prisma Gorgon,Baro Ki'Teer,https://warframe.fandom.com/wiki/Prisma_Gorgon
Weapon,Primary,Rifle,FALSE,,11,Prisma Grakata,Baro Ki'Teer,https://warframe.fandom.com/wiki/Prisma_Grakata
Weapon,Primary,Rifle,FALSE,,11,Prisma Grinlok,Baro Ki'Teer,https://warframe.fandom.com/wiki/Prisma_Grinlok
Weapon,Melee,Sparring,FALSE,,10,Prisma Obex,Baro Ki'Teer,https://warframe.fandom.com/wiki/Prisma_Obex
Companion,Sentinel,,FALSE,,0,Prisma Shade,Baro Ki'Teer,https://warframe.fandom.com/wiki/Prisma_Shade
Weapon,Melee,Sword,FALSE,,8,Prisma Skana,Baro Ki'Teer,https://warframe.fandom.com/wiki/Prisma_Skana
Weapon,Primary,Rifle,FALSE,,4,Prisma Tetra,Baro Ki'Teer,https://warframe.fandom.com/wiki/Prisma_Tetra
Weapon,Secondary,Dual Pistols,FALSE,,11,Prisma Twin Gremlins,Baro Ki'Teer,https://warframe.fandom.com/wiki/Prisma_Twin_Gremlins
Vehicle,Arch-Melee,,FALSE,,8,Prisma Veritux,Baro Ki'teer,https://warframe.fandom.com/wiki/Prisma_Veritux
Weapon,Melee,Machete,FALSE,,3,Prova,Clan - Energy Lab,https://warframe.fandom.com/wiki/Prova
Weapon,Melee,Machete,FALSE,,8,Prova Vandal,Baro Ki'Teer,https://warframe.fandom.com/wiki/Prova_Vandal
Weapon,Melee,Polearm,FALSE,,7,Pupacyst,Clan - Bio Lab,https://warframe.fandom.com/wiki/Pupacyst
Weapon,Secondary,Shotgun Sidearm,FALSE,,12,Pyrana,Clan - Tenno Lab,https://warframe.fandom.com/wiki/Pyrana
Weapon,Secondary,Shotgun Sidearm,TRUE,TRUE,13,Pyrana Prime,Relics,https://warframe.fandom.com/wiki/Pyrana_Prime
Weapon,Primary,Rifle,FALSE,,4,Quanta,Clan - Energy Lab,https://warframe.fandom.com/wiki/Quanta
Weapon,Primary,Rifle,FALSE,,10,Quanta Vandal,Baro Ki'Teer,https://warframe.fandom.com/wiki/Quanta_Vandal
Weapon,Primary,Rifle,FALSE,,10,Quartakk,Mission - Ghoul Purge Event,https://warframe.fandom.com/wiki/Quartakk
Weapon,Secondary,Pistol,FALSE,,9,Quatz,Market,https://warframe.fandom.com/wiki/Quatz
Weapon,Primary,Rifle,FALSE,,12,Quellor,Drop - Empyrean,https://warframe.fandom.com/wiki/Quellor
Weapon,Melee,Zaw,FALSE,,0,Rabvee,Syndicate - Ostrons,https://warframe.fandom.com/wiki/Rabvee
Operator,Amp,,FALSE,,,Rahn Prism,Syndicate - The Quills,https://warframe.fandom.com/wiki/Rahn_Prism
Companion,Kubrow,,FALSE,,0,Raksa,Egg Incubation,https://warframe.fandom.com/wiki/Kubrow
Weapon,Secondary,Crossbow,FALSE,,6,Rakta Ballistica,Syndicate - Red Veil,https://warframe.fandom.com/wiki/Rakta_Ballistica
Weapon,Primary,Bow,FALSE,,12,Rakta Cernos,Syndicate - Red Veil,https://warframe.fandom.com/wiki/Rakta_Cernos
Weapon,Melee,Dagger,FALSE,,8,Rakta Dark Dagger,Syndicate - Red Veil,https://warframe.fandom.com/wiki/Rakta_Dark_Dagger
Operator,Amp,,FALSE,,,Raplak Prism,Syndicate - The Quills,https://warframe.fandom.com/wiki/Raplak_Prism
Vehicle,Arch-Melee,,FALSE,,6,Rathbone,Market,https://warframe.fandom.com/wiki/Rathbone
Weapon,Secondary,Kitgun,FALSE,,0,Rattleguts,Syndicate - Solaris United,https://warframe.fandom.com/wiki/Rattleguts
Weapon,Melee,Scythe,TRUE,TRUE,10,Reaper Prime,Relics,https://warframe.fandom.com/wiki/Reaper_Prime
Weapon,Melee,Gunblade,FALSE,,4,Redeemer,Market,https://warframe.fandom.com/wiki/Redeemer
Weapon,Melee,Gunblade,TRUE,FALSE,10,Redeemer Prime,Relics,https://warframe.fandom.com/wiki/Redeemer_Prime
Warframe,,,FALSE,,0,Revenant,Quest - Nakak's Mini-Quest,https://warframe.fandom.com/wiki/Revenant
Warframe,,,FALSE,,0,Rhino,"Boss - The Jackal (Fossa, Venus)",https://warframe.fandom.com/wiki/Rhino
Warframe,,,TRUE,TRUE,0,Rhino Prime,Relics,https://warframe.fandom.com/wiki/Rhino_Prime
Weapon,Melee,Claws,FALSE,,5,Ripkas,Market,https://warframe.fandom.com/wiki/Ripkas
Weapon,Primary,Sniper Rifle,FALSE,,6,Rubico,Market,https://warframe.fandom.com/wiki/Rubico
Weapon,Primary,Sniper Rifle,TRUE,FALSE,12,Rubico Prime,Relics,https://warframe.fandom.com/wiki/Rubico_Prime
Vehicle,K-Drive,,FALSE,,0,Runway,Syndicate - Ventkids,https://warframe.fandom.com/wiki/Runway
Companion,Kubrow,,FALSE,,0,Sahasa,Egg Incubation,https://warframe.fandom.com/wiki/Kubrow
Weapon,Secondary,Thrown,FALSE,,10,Sancti Castanas,Syndicate - New Loka,https://warframe.fandom.com/wiki/Sancti_Castanas
Weapon,Melee,Hammer,FALSE,,8,Sancti Magistar,Syndicate - New Loka,https://warframe.fandom.com/wiki/Sancti_Magistar
Weapon,Primary,Shotgun,FALSE,,12,Sancti Tigris,Syndicate - New Loka,https://warframe.fandom.com/wiki/Sancti_Tigris
Weapon,Melee,Gunblade,FALSE,,8,Sarpa,Market,https://warframe.fandom.com/wiki/Sarpa
Warframe,,,FALSE,,0,Saryn,"Boss - Kela De Thaym (Merrow, Sedna)",https://warframe.fandom.com/wiki/Saryn
Warframe,,,TRUE,TRUE,0,Saryn Prime,Relics,https://warframe.fandom.com/wiki/Saryn_Prime
Weapon,Melee,Heavy Blade,FALSE,,2,Scindo,Market,https://warframe.fandom.com/wiki/Scindo
Weapon,Melee,Heavy Blade,TRUE,TRUE,8,Scindo Prime,Relics,https://warframe.fandom.com/wiki/Scindo_Prime
Weapon,Melee,Whip,FALSE,,6,Scoliac,Clan - Bio Lab,https://warframe.fandom.com/wiki/Scoliac
Weapon,Primary,Speargun,FALSE,,6,Scourge,Clan - Tenno Lab,https://warframe.fandom.com/wiki/Scourge
Weapon,Secondary,Dual Pistols,FALSE,,10,Secura Dual Cestra,Syndicate - Perrin Sequence,https://warframe.fandom.com/wiki/Secura_Dual_Cestra
Weapon,Melee,Whip,FALSE,,8,Secura Lecta,Syndicate - Perrin Sequence,https://warframe.fandom.com/wiki/Secura_Lecta
Weapon,Primary,Launcher,FALSE,,12,Secura Penta,Syndicate - Perrin Sequence,https://warframe.fandom.com/wiki/Secura_Penta
Weapon,Secondary,Pistol,FALSE,,0,Seer,"Drop - Captain Vor (Tolstoj, Mercury)",https://warframe.fandom.com/wiki/Seer
Weapon,Melee,Zaw,FALSE,,0,Sepfahn,Syndicate - Ostrons,https://warframe.fandom.com/wiki/Sepfahn
Weapon,Melee,Polearm,FALSE,,6,Serro,Clan - Energy Lab,https://warframe.fandom.com/wiki/Serro
Companion,Sentinel,,FALSE,,0,Shade,Market,https://warframe.fandom.com/wiki/Shade
Weapon,Melee,Nunchaku,FALSE,,10,Shaku,Clan - Tenno Lab,https://warframe.fandom.com/wiki/Shaku
Weapon,Primary,Arm-Cannon,FALSE,,13,Shedu,Quest - The New War,https://warframe.fandom.com/wiki/Shedu
Weapon,Melee,Dagger,FALSE,,5,Sheev,Mission - Invasions,https://warframe.fandom.com/wiki/Sheev
Operator,Amp,,FALSE,,,Shwaak Prism,Syndicate - The Quills,https://warframe.fandom.com/wiki/Shwaak_Prism
Weapon,Melee,Hammer,FALSE,,6,Sibear,Market,https://warframe.fandom.com/wiki/Sibear
Weapon,Secondary,Pistol,FALSE,,3,Sicarus,Market,https://warframe.fandom.com/wiki/Sicarus
Weapon,Secondary,Pistol,TRUE,TRUE,14,Sicarus Prime,Relics,https://warframe.fandom.com/wiki/Sicarus_Prime
Weapon,Melee,Sword and Shield,FALSE,,10,Sigma & Octantis,Login Reward - 1/3/5/700,https://warframe.fandom.com/wiki/Sigma_&_Octantis
Weapon,Melee,Sword and Shield,FALSE,,0,Silva & Aegis,Clan - Tenno Lab,https://warframe.fandom.com/wiki/Silva_&_Aegis
Weapon,Melee,Sword and Shield,TRUE,TRUE,12,Silva & Aegis Prime,Relics,https://warframe.fandom.com/wiki/Silva_&_Aegis_Prime
Weapon,Primary,Launcher,FALSE,,5,Simulor,Syndicate - Cephalon Simaris,https://warframe.fandom.com/wiki/Simulor
Weapon,Melee,Sword,FALSE,,0,Skana,Market,https://warframe.fandom.com/wiki/Skana
Weapon,Melee,Sword,TRUE,TRUE,12,Skana Prime,Founders Exclusive,https://warframe.fandom.com/wiki/Skana_Prime
Weapon,Melee,Nikana,FALSE,,11,Skiajati,Quest - The Sacrifice,https://warframe.fandom.com/wiki/Skiajati
Companion,Kavat,,FALSE,,0,Smeeta,Kavat DNA Incubation,https://warframe.fandom.com/wiki/Kavat
Weapon,Primary,Sniper Rifle,FALSE,,0,Snipetron,Operation: Plague Star,https://warframe.fandom.com/wiki/Snipetron
Weapon,Primary,Sniper Rifle,FALSE,,5,Snipetron Vandal,Mission - Invasion,https://warframe.fandom.com/wiki/Snipetron_Vandal
Weapon,Primary,Shotgun,FALSE,,7,Sobek,Market,https://warframe.fandom.com/wiki/Sobek
Weapon,Primary,Rifle,FALSE,,6,Soma,Market,https://warframe.fandom.com/wiki/Soma
Weapon,Primary,Rifle,TRUE,TRUE,7,Soma Prime,Relics,https://warframe.fandom.com/wiki/Soma_Prime
Weapon,Secondary,Pistol,FALSE,,2,Sonicor,Market,https://warframe.fandom.com/wiki/Sonicor
Weapon,Secondary,Pistol,FALSE,,4,Spectra,Clan - Energy Lab,https://warframe.fandom.com/wiki/Spectra
Weapon,Secondary,Pistol,FALSE,,10,Spectra Vandal,Operation: Hostile Mergers,https://warframe.fandom.com/wiki/Spectra_Vandal
Weapon,Secondary,Thrown,FALSE,,8,Spira,Market,https://warframe.fandom.com/wiki/Spira
Weapon,Secondary,Thrown,TRUE,TRUE,10,Spira Prime,Relics,https://warframe.fandom.com/wiki/Spira_Prime
Weapon,Secondary,Dual Pistols,FALSE,,10,Staticor,Clan - Energy Lab,https://warframe.fandom.com/wiki/Staticor
Companion,Robotic,Rifle,FALSE,,0,Stinger,Comes w/ Djinn,https://warframe.fandom.com/wiki/Stinger
Weapon,Primary,Rifle,FALSE,,8,Stradavar,Market,https://warframe.fandom.com/wiki/Stradavar
Weapon,Primary,Rifle,TRUE,FALSE,12,Stradavar Prime,Relics,https://warframe.fandom.com/wiki/Stradavar_Prime
Weapon,Primary,Shotgun,FALSE,,1,Strun,Market,https://warframe.fandom.com/wiki/Strun
Weapon,Primary,Shotgun,FALSE,,10,Strun Wraith,Mission - Invasions,https://warframe.fandom.com/wiki/Strun_Wraith
Weapon,Secondary,Pistol,FALSE,,7,Stubba,Mission - Ghoul Purge Event,https://warframe.fandom.com/wiki/Stubba
Weapon,Secondary,Pistol,FALSE,,2,Stug,Market,https://warframe.fandom.com/wiki/Stug
Companion,Kubrow,,FALSE,,0,Sunika,Egg Incubation,https://warframe.fandom.com/wiki/Kubrow
Weapon,Primary,Rifle,FALSE,,12,Supra,Clan - Energy Lab,https://warframe.fandom.com/wiki/Supra
Weapon,Primary,Rifle,FALSE,,14,Supra Vandal,Baro Ki'Teer,https://warframe.fandom.com/wiki/Supra_Vandal
Companion,Robotic,Shotgun,FALSE,,0,Sweeper,Comes w/ Carrier,https://warframe.fandom.com/wiki/Sweeper
Companion,Robotic,Shotgun,FALSE,,0,Sweeper Prime,Comes w/ Carrier Prime,https://warframe.fandom.com/wiki/Sweeper_Prime
Weapon,Primary,Rifle,FALSE,,5,Sybaris,Clan - Tenno Lab,https://warframe.fandom.com/wiki/Sybaris
Weapon,Primary,Rifle,TRUE,TRUE,12,Sybaris Prime,Relics,https://warframe.fandom.com/wiki/Sybaris_Prime
Weapon,Melee,Polearm,FALSE,,5,Sydon,Clan - Chemical Lab,https://warframe.fandom.com/wiki/Sydon
Weapon,Primary,Rifle,FALSE,,11,Synapse,Clan - Bio Lab,https://warframe.fandom.com/wiki/Synapse
Weapon,Secondary,Pistol,FALSE,,7,Synoid Gammacor,Syndicate - Cephalon Suda,https://warframe.fandom.com/wiki/Synoid_Gammacor
Weapon,Melee,Hammer,FALSE,,11,Synoid Heliocor,Syndicate - Cephalon Suda,https://warframe.fandom.com/wiki/Synoid_Heliocor
Weapon,Primary,Rifle,FALSE,,12,Synoid Simulor,Syndicate - Cephalon Suda,https://warframe.fandom.com/wiki/Synoid_Simulor
Weapon,Secondary,Thrown,FALSE,,8,Talons,Clan - Tenno Lab,https://warframe.fandom.com/wiki/Talons
Weapon,Melee,Two-Handed Nikana,FALSE,,7,Tatsu,Market,https://warframe.fandom.com/wiki/Tatsu
Companion,Sentinel,,FALSE,,0,Taxon,Market,https://warframe.fandom.com/wiki/Taxon
Companion,Robotic,Rifle,FALSE,,3,Tazicor,Syndicate - Solaris United,https://warframe.fandom.com/wiki/Tazicor
Weapon,Melee,Fist,FALSE,,6,Tekko,Market,https://warframe.fandom.com/wiki/Tekko
Weapon,Melee,Fist,TRUE,FALSE,12,Tekko Prime,Relics,https://warframe.fandom.com/wiki/Tekko_Prime
Weapon,Secondary,Dual Pistols,FALSE,,11,Telos Akbolto,Syndicate - Arbiters of Hexis,https://warframe.fandom.com/wiki/Telos_Akbolto
Weapon,Melee,Tonfa,FALSE,,11,Telos Boltace,Syndicate - Arbiters of Hexis,https://warframe.fandom.com/wiki/Telos_Boltace
Weapon,Primary,Rifle,FALSE,,12,Telos Boltor,Syndicate - Arbiters of Hexis,https://warframe.fandom.com/wiki/Telos_Boltor
Weapon,Primary,Rifle,FALSE,,10,Tenora,Clan - Tenno Lab,https://warframe.fandom.com/wiki/Tenora
Weapon,Primary,Rifle,FALSE,,3,Tetra,Market,https://warframe.fandom.com/wiki/Tetra
Weapon,Primary,Rifle,FALSE,,10,Tiberon,Market,https://warframe.fandom.com/wiki/Tiberon
Weapon,Primary,Rifle,TRUE,TRUE,14,Tiberon Prime,Relics,https://warframe.fandom.com/wiki/Tiberon_Prime
Weapon,Primary,Shotgun,FALSE,,7,Tigris,Market,https://warframe.fandom.com/wiki/Tigris
Weapon,Primary,Shotgun,TRUE,TRUE,13,Tigris Prime,Relics,https://warframe.fandom.com/wiki/Tigris_Prime
Weapon,Melee,Staff,FALSE,,3,Tipedo,Market,https://warframe.fandom.com/wiki/Tipedo
Weapon,Melee,Staff,TRUE,FALSE,10,Tipedo Prime,Relics,https://warframe.fandom.com/wiki/Tipedo_Prime
Warframe,,,FALSE,,0,Titania,Quest - The Silver Grove,https://warframe.fandom.com/wiki/Titania
Warframe,,,TRUE,FALSE,2,Titania Prime,Relics,https://warframe.fandom.com/wiki/Titania_Prime
Weapon,Secondary,Kitgun,FALSE,,0,Tombfinger,Syndicate - Solaris United,https://warframe.fandom.com/wiki/Tombfinger
Weapon,Melee,Polearm,FALSE,,3,Tonbo,Clan - Tenno Lab,https://warframe.fandom.com/wiki/Tonbo
Weapon,Primary,Launcher,FALSE,,5,Tonkor,Market,https://warframe.fandom.com/wiki/Tonkor
Weapon,Primary,Launcher,FALSE,,4,Torid,Clan - Bio Lab,https://warframe.fandom.com/wiki/Torid
Warframe,,,FALSE,,0,Trinity,"Boss - Ambulas (Hades, Pluto)",https://warframe.fandom.com/wiki/Trinity
Warframe,,,TRUE,TRUE,0,Trinity Prime,Relics,https://warframe.fandom.com/wiki/Trinity_Prime
Weapon,Melee,Dual Swords,FALSE,,7,Twin Basolk,Market,https://warframe.fandom.com/wiki/Twin_Basolk
Weapon,Secondary,Dual Pistols,FALSE,,9,Twin Grakatas,Market,https://warframe.fandom.com/wiki/Twin_Grakatas
Weapon,Secondary,Dual Pistols,FALSE,,5,Twin Gremlins,Drop - Lech Kril & Captain Vor (Ceres),https://warframe.fandom.com/wiki/Twin_Gremlins
Weapon,Secondary,Dual Shotguns,FALSE,,10,Twin Kohmak,"Drop - Kela de Thaym (Merrow, Sedna)",https://warframe.fandom.com/wiki/Twin_Kohmak
Weapon,Melee,Dual Swords,FALSE,,10,Twin Krohkur,Clan - Chemical Lab,https://warframe.fandom.com/wiki/Twin_Krohkur
Weapon,Secondary,Dual Shotguns,FALSE,,9,Twin Rogga,Market,https://warframe.fandom.com/wiki/Twin_Rogga
Weapon,Secondary,Dual Pistols,FALSE,,5,Twin Vipers,Market,https://warframe.fandom.com/wiki/Twin_Vipers
Weapon,Secondary,Dual Pistols,FALSE,,7,Twin Vipers Wraith,Mission - Invasions,https://warframe.fandom.com/wiki/Twin_Vipers_Wraith
Weapon,Secondary,Pistol,FALSE,,9,Tysis,Market,https://warframe.fandom.com/wiki/Tysis
Warframe,,,FALSE,,0,Valkyr,"Boss - Alad V (Themisto, Jupiter)",https://warframe.fandom.com/wiki/Valkyr
Warframe,,,TRUE,TRUE,0,Valkyr Prime,Relics,https://warframe.fandom.com/wiki/Valkyr_Prime
Companion,Kavat,,FALSE,,0,Vasca,Kavat DNA Incubation,https://warframe.fandom.com/wiki/Kavat
Weapon,Secondary,Pistol,FALSE,,4,Vasto,Market,https://warframe.fandom.com/wiki/Vasto
Weapon,Secondary,Pistol,TRUE,TRUE,10,Vasto Prime,Relics,https://warframe.fandom.com/wiki/Vasto_Prime
Warframe,,,FALSE,,0,Vauban,Mission - Alerts,https://warframe.fandom.com/wiki/Vauban
Warframe,,,TRUE,TRUE,0,Vauban Prime,Relics,https://warframe.fandom.com/wiki/Vauban_Prime
Weapon,Primary,Shotgun,FALSE,,12,Vaykor Hek,Syndicate - Steel Meridian,https://warframe.fandom.com/wiki/Vaykor_Hek
Weapon,Secondary,Pistol,FALSE,,10,Vaykor Marelok,Syndicate - Steel Meridian,https://warframe.fandom.com/wiki/Vaykor_Marelok
Weapon,Melee,Polearm,FALSE,,11,Vaykor Sydon,Syndicate - Steel Meridian,https://warframe.fandom.com/wiki/Vaykor_Sydon
Weapon,Primary,Sniper Rifle,FALSE,,2,Vectis,Market,https://warframe.fandom.com/wiki/Vectis
Weapon,Primary,Sniper Rifle,TRUE,TRUE,14,Vectis Prime,Relics,https://warframe.fandom.com/wiki/Vectis_Prime
Weapon,Primary,Rifle,FALSE,,8,Veldt,Clan - Tenno Lab,https://warframe.fandom.com/wiki/Veldt
Vehicle,Arch-Gun,,FALSE,,4,Velocitus,Clan - Tenno Lab,https://warframe.fandom.com/wiki/Velocitus
Companion,Kavat,,FALSE,,0,Venari,Comes w/ Khora,https://warframe.fandom.com/wiki/Kavat
Weapon,Melee,Claws,FALSE,,4,Venka,Clan - Tenno Lab,https://warframe.fandom.com/wiki/Venka
Weapon,Melee,Claws,TRUE,TRUE,14,Venka Prime,Relics,https://warframe.fandom.com/wiki/Venka_Prime
Vehicle,Arch-Melee,,FALSE,,0,Veritux,Comes w/ Odonata,https://warframe.fandom.com/wiki/Veritux
Weapon,Secondary,Pistol,FALSE,,4,Viper,Market,https://warframe.fandom.com/wiki/Viper
Weapon,Secondary,Pistol,FALSE,,4,Viper Wraith,Baro Ki'Teer,https://warframe.fandom.com/wiki/Viper_Wraith
Weapon,Melee,Hammer,FALSE,,9,Volnus,Market,https://warframe.fandom.com/wiki/Volnus
Warframe,,,FALSE,,0,Volt,Clan - Tenno Lab,https://warframe.fandom.com/wiki/Volt
Warframe,,,TRUE,TRUE,0,Volt Prime,Relics,https://warframe.fandom.com/wiki/Volt_Prime
Companion,Robotic,Rifle,FALSE,,14,Vulcax,Syndicate - Solaris United,https://warframe.fandom.com/wiki/Vulcax
Weapon,Primary,Sniper Rifle,FALSE,,3,Vulkar,Market,https://warframe.fandom.com/wiki/Vulkar
Weapon,Primary,Sniper Rifle,FALSE,,7,Vulkar Wraith,Baro Ki'Teer,https://warframe.fandom.com/wiki/Vulkar_Wraith
Companion,Robotic,Sniper Rifle,FALSE,,0,Vulklok,Comes w/ Diriga,https://warframe.fandom.com/wiki/Vulklok
Weapon,Melee,Heavy Blade,FALSE,,10,War,Drop - Shadow Stalker,https://warframe.fandom.com/wiki/War
Warframe,,,FALSE,,0,Wisp,"Boss - Ropalolyst (Themisto, Jupiter)",https://warframe.fandom.com/wiki/Wisp
Weapon,Melee,Hammer,FALSE,,7,Wolf Sledge,Drop - Wolf of Saturn Six,https://warframe.fandom.com/wiki/Wolf_Sledge
Warframe,,,FALSE,,0,Wukong,Clan - Tenno Lab,https://warframe.fandom.com/wiki/Wukong
Warframe,,,TRUE,FALSE,5,Wukong Prime,Relics,https://warframe.fandom.com/wiki/Wukong_Prime
Companion,Sentinel,,FALSE,,0,Wyrm,Market,https://warframe.fandom.com/wiki/Wyrm
Companion,Sentinel,,TRUE,TRUE,0,Wyrm Prime,Relics,https://warframe.fandom.com/wiki/Wyrm_Prime
Weapon,Secondary,Pistol,FALSE,,10,Zakti,Clan - Tenno Lab,https://warframe.fandom.com/wiki/Zakti
Weapon,Primary,Launcher,FALSE,,7,Zarr,Market,https://warframe.fandom.com/wiki/Zarr
Weapon,Melee,Heavy Blade,FALSE,,6,Zenistar,Login Reward - 1/3/5/700,https://warframe.fandom.com/wiki/Zenistar
Weapon,Primary,Rifle,FALSE,,10,Zenith,Login Reward - 100/300/500/700,https://warframe.fandom.com/wiki/Zenith
Warframe,,,FALSE,,0,Zephyr,Clan - Tenno Lab,https://warframe.fandom.com/wiki/Zephyr
Warframe,,,TRUE,TRUE,6,Zephyr Prime,Relics,https://warframe.fandom.com/wiki/Zephyr_Prime
Weapon,Primary,Crossbow,FALSE,,10,Zhuge,Market,https://warframe.fandom.com/wiki/Zhuge
Weapon,Primary,Crossbow,TRUE,FALSE,14,Zhuge Prime,Relics,https://warframe.fandom.com/wiki/Zhuge_Prime
Weapon,Secondary,Pistol,FALSE,,6,Zylok,Baro Ki'Teer,https://warframe.fandom.com/wiki/Zylok
